modelo,limite,ccc,rmse,mae,vies,r2
IPC-RF,30,0.260332226568449,3932.59504788284,2232.85011626558,118.000489373169,0.106098915804802
RF (baseline),30,0.252959803871799,3875.41841222772,2136.56664148485,-193.52750597081,0.131903101509162
RF (casos completos),30,0.238418776914312,3907.83996778816,2155.6958576653,-170.237908659167,0.117317434175161
GAM prof. variavel,30,0.222366785048832,4500.29530832456,2888.88691448715,737.767504642762,-0.170612167886673
RSF,30,0.115995146742679,4059.64358098024,2218.16616433357,-201.439242156064,0.0474082406528363
IPC-RF,100,0.226688050554888,10730.6798086794,4989.11942675534,1278.73433345895,-0.0381961705108254
RF (casos completos),100,0.20630812566863,10182.9478155012,4546.12273683438,-351.98934720227,0.0650853041240034
RF (baseline),100,0.202597171588307,10257.0970623433,4819.63014178453,-2274.56178676914,0.0514201813075413
GAM prof. variavel,100,0.0893067036594227,10359.2801132103,4490.06988839972,-133.796501077025,0.0324261929956156
RSF,100,0.0621727990940189,11572.005282678,6933.43624551315,4538.35882084568,-0.207375048888972
