limite,mecanismo,censura_alvo,censura_real,metodo,rmse,ccc,vies,vies_rel
30,aleatorio,0.2,0.2,complete_case,3948.16371115264,0.219523691190489,-163.526738407795,-0.0348063315854972
30,aleatorio,0.2,0.2,ipcw,3973.53497920544,0.22612158346918,15.8599958500312,0.00337576765656619
30,aleatorio,0.2,0.2,naive,3928.26064226381,0.227900986537587,-357.423212155069,-0.0760767991813001
30,aleatorio,0.4,0.4,complete_case,3939.79520349595,0.220804970105749,-177.668784110413,-0.0378164370692564
30,aleatorio,0.4,0.4,ipcw,3989.92707467077,0.245180324699515,227.716493021688,0.0484689894800813
30,aleatorio,0.4,0.4,naive,3959.3097136548,0.214363987581681,-552.312354950952,-0.117558554352438
30,aleatorio,0.6,0.6,complete_case,3935.87861445196,0.22932279855895,-58.433395334327,-0.0124374286032729
30,aleatorio,0.6,0.6,ipcw,4088.37301147383,0.235663486088428,709.036864761837,0.150917045502972
30,aleatorio,0.6,0.6,naive,3983.29504367769,0.208740789083114,-719.608572111086,-0.153167211775506
30,informativo,0.2,0.2,complete_case,3935.66398322223,0.207383138475748,-415.082325750021,-0.088349423501043
30,informativo,0.2,0.2,ipcw,3902.94452675003,0.231530614788733,-174.394555589725,-0.03711952422988
30,informativo,0.2,0.2,naive,3927.14243242386,0.223000053619861,-419.24316053872,-0.0892350486699788
30,informativo,0.4,0.4,complete_case,3988.65843576545,0.187296500331748,-776.886405913409,-0.165358681471741
30,informativo,0.4,0.4,ipcw,3936.16819477357,0.216116446252657,-351.595656921292,-0.0748364159768494
30,informativo,0.4,0.4,naive,3966.96564642595,0.202750401796622,-672.922484296118,-0.143230173534915
30,informativo,0.6,0.6,complete_case,4179.60534721462,0.126560938432539,-1245.47153287767,-0.265096066708876
30,informativo,0.6,0.6,ipcw,4078.7834649579,0.147560205248259,-808.608503282331,-0.17211066497218
30,informativo,0.6,0.6,naive,4018.27005184086,0.189128864310017,-875.999511514676,-0.186454703147555
100,aleatorio,0.2,0.2,complete_case,10200.5250784592,0.217245430218455,-331.143199696417,-0.0319177103635864
100,aleatorio,0.2,0.2,ipcw,10279.0795192348,0.221969432483411,25.6098734175359,0.00246844423481563
100,aleatorio,0.2,0.2,naive,10189.315562795,0.208643233582585,-1034.20679306725,-0.0996834991853561
100,aleatorio,0.4,0.4,complete_case,10370.8150942286,0.231102519861377,-167.922028159565,-0.0161854045723319
100,aleatorio,0.4,0.4,ipcw,10823.2468440128,0.246461990178291,687.702708687571,0.0662852080074928
100,aleatorio,0.4,0.4,naive,10347.3413620952,0.189834338586022,-1883.09004886936,-0.181504324483987
100,aleatorio,0.6,0.6,complete_case,10449.9120510767,0.204982163572147,-224.024070230439,-0.0215928800429607
100,aleatorio,0.6,0.6,ipcw,11441.4163861352,0.218602641171454,1342.5522461911,0.129403816177396
100,aleatorio,0.6,0.6,naive,10446.0097676633,0.153611649310172,-2560.37875867127,-0.246785764331771
100,informativo,0.2,0.2,complete_case,10347.8447428219,0.174919975422868,-1082.91448593664,-0.104378259744863
100,informativo,0.2,0.2,ipcw,10490.9812824425,0.192603456199265,-592.492654400427,-0.0571082509109124
100,informativo,0.2,0.2,naive,10285.9463157082,0.169906116664156,-1402.0145361807,-0.135135173944017
100,informativo,0.4,0.4,complete_case,10605.1035747844,0.0706975673959803,-1704.01090264256,-0.164243525148033
100,informativo,0.4,0.4,ipcw,10473.9579282258,0.0996769972108174,-746.178909708527,-0.0719215201801747
100,informativo,0.4,0.4,naive,10424.4635121655,0.110174112107419,-2285.81626503331,-0.220321666151061
100,informativo,0.6,0.6,complete_case,10936.1248621394,0.0365286522728432,-3050.10873647526,-0.29398908785538
100,informativo,0.6,0.6,ipcw,10651.2830862719,0.0723094723434694,-1999.02631471022,-0.192679007089991
100,informativo,0.6,0.6,naive,10691.1558521768,0.101788718266983,-3307.92276911432,-0.318838861696382
